username,password,role
teacher1,uRKhUJ6f,teacher
teacher2,wN3OSKYG,teacher
teacher3,zCILHR5n,teacher
teacher4,fYgSpUX0,teacher
teacher5,1KXXOjNJ,teacher
teacher6,aDfph0JA,teacher
student1,dw7jIHDp,student
student2,3cfD90AO,student
student3,hiwQ7x28,student
student4,7uRYRvXH,student
student5,GoMM92OW,student
student6,UVk6UmJh,student
student7,LSIqIkYZ,student
student8,DhD4kJfZ,student
student9,gOHVuAwj,student
student10,IwYuDtgg,student
student11,7TRnbck3,student
student12,T4WmuSux,student
student13,ia2cfm7w,student
student14,QwEomeHl,student
student15,Vv3fZYgo,student
student16,PRBWbAGA,student
student17,YGXoqwl3,student
student18,Ah7nhjgz,student
student19,kHVLEcnp,student
student20,iBKAnRNf,student
student21,4WjLKWKo,student
student22,0PtDc9V4,student
student23,a8noUDPg,student
student24,OheFzT2f,student
student25,Zg1GvPpx,student
student26,rGVShZUk,student
student27,KHJs2Ur4,student
student28,g9kpx1YZ,student
student29,h1anMpjY,student
student30,RQ5fCHzu,student
student31,eqLcwimR,student
student32,K9NaFd06,student
student33,Rdd46dbM,student
student34,x6XenXG6,student
student35,N4o2otdU,student
student36,wZOFbxcU,student
student37,aaH5Uy22,student
student38,O6mIsrOh,student
student39,ykssDs2y,student
student40,HtXHCwUP,student
student41,aEkxlC79,student
student42,6O8HjI4A,student
student43,Ip1EW944,student
student44,9nSnS8XP,student
student45,QA41tisM,student
student46,Dyco2ibX,student
student47,t289j2yL,student
student48,tZj2Nf52,student
student49,E0nP1DNH,student
student50,JmgGkkVE,student
student51,WSe9oLQg,student
student52,1J1qw7rI,student
student53,RBd2pnFT,student
student54,x6IaMRzE,student
student55,rugZf29Q,student
student56,1PjHDRL1,student
student57,VXfDlxJg,student
student58,zP00unmi,student
student59,SqfFncTD,student
student60,UkUjFJQ3,student
